rank,file,t_sec,score,U,A,D,n_boxes,n_ambiguous,empty,selected
1,frame_0031.jpg,12.4,0.7733,0.5466,1.0,1.0,8,7,False,True
2,frame_0287.jpg,114.8,0.7332,0.7659,0.7143,0.68,7,5,False,True
3,frame_0004.jpg,1.6,0.705,0.5815,0.7143,1.0,7,5,False,True
4,frame_0073.jpg,29.2,0.6924,0.5563,0.7143,1.0,5,5,False,True
5,frame_0016.jpg,6.4,0.6884,0.6339,0.5714,1.0,4,4,False,True
6,frame_0288.jpg,115.2,0.6619,0.6073,0.7143,0.72,8,5,False,False
7,frame_0003.jpg,1.2,0.6587,0.5745,0.5714,1.0,8,4,False,False
8,frame_0002.jpg,0.8,0.6424,0.542,0.5714,1.0,7,4,False,False
9,frame_0007.jpg,2.8,0.64,0.5371,0.5714,1.0,5,4,False,False
10,frame_0286.jpg,114.4,0.6397,0.5092,0.8571,0.64,9,6,False,False
11,frame_0071.jpg,28.4,0.6396,0.5363,0.5714,1.0,5,4,False,False
12,frame_0075.jpg,30.0,0.6383,0.4641,0.7143,0.96,6,5,False,False
13,frame_0008.jpg,3.2,0.6276,0.598,0.4286,1.0,5,3,False,False
14,frame_0070.jpg,28.0,0.6072,0.4716,0.5714,1.0,6,4,False,False
15,frame_0078.jpg,31.2,0.6038,0.443,0.7143,0.84,8,5,False,True
16,frame_0072.jpg,28.8,0.5765,0.4958,0.4286,1.0,6,3,False,False
17,frame_0284.jpg,113.6,0.5672,0.4818,0.7143,0.56,5,5,False,False
18,frame_0074.jpg,29.6,0.5657,0.4743,0.4286,1.0,8,3,False,False
19,frame_0001.jpg,0.4,0.561,0.3791,0.5714,1.0,10,4,False,False
20,frame_0289.jpg,115.6,0.5581,0.555,0.4286,0.76,8,3,False,False
21,frame_0006.jpg,2.4,0.557,0.3711,0.5714,1.0,7,4,False,False
22,frame_0076.jpg,30.4,0.5561,0.4014,0.5714,0.92,8,4,False,False
23,frame_0292.jpg,116.8,0.5535,0.4442,0.5714,0.8,7,4,False,True
24,frame_0167.jpg,66.8,0.5532,0.4378,0.7143,0.6,5,5,False,True
25,frame_0079.jpg,31.6,0.5394,0.5016,0.4286,0.8,7,3,False,False
26,frame_0274.jpg,109.6,0.5387,0.5848,0.7143,0.16,8,5,False,True
27,frame_0396.jpg,158.4,0.5347,0.5768,0.7143,0.16,9,5,False,True
28,frame_0033.jpg,13.2,0.5338,0.4961,0.2857,1.0,6,2,False,False
29,frame_0281.jpg,112.4,0.5303,0.7132,0.2857,0.44,3,2,False,True
30,frame_0005.jpg,2.0,0.5246,0.3921,0.4286,1.0,5,3,False,False
31,frame_0291.jpg,116.4,0.5241,0.455,0.4286,0.84,7,3,False,False
32,frame_0077.jpg,30.8,0.5227,0.4362,0.4286,0.88,9,3,False,False
33,frame_0030.jpg,12.0,0.518,0.3788,0.4286,1.0,9,3,False,False
34,frame_0067.jpg,26.8,0.5106,0.364,0.4286,1.0,6,3,False,True
35,frame_0129.jpg,51.6,0.5104,0.4116,0.4286,0.88,8,3,False,False
36,frame_0173.jpg,69.2,0.504,0.5212,0.5714,0.36,5,4,False,False
37,frame_0032.jpg,12.8,0.503,0.4346,0.2857,1.0,8,2,False,False
38,frame_0014.jpg,5.6,0.5029,0.3487,0.4286,1.0,4,3,False,False
39,frame_0000.jpg,0.0,0.5012,0.3452,0.4286,1.0,9,3,False,False
40,frame_0015.jpg,6.0,0.4961,0.335,0.4286,1.0,5,3,False,False
41,frame_0131.jpg,52.4,0.4948,0.3484,0.4286,0.96,6,3,False,False
42,frame_0106.jpg,42.4,0.4947,0.6306,0.5714,0.04,7,4,False,False
43,frame_0298.jpg,119.2,0.4928,0.4188,0.5714,0.56,5,4,False,False
44,frame_0283.jpg,113.2,0.4895,0.4282,0.5714,0.52,6,4,False,False
45,frame_0302.jpg,120.8,0.484,0.4652,0.5714,0.4,7,4,False,False
46,frame_0290.jpg,116.0,0.4834,0.3897,0.4286,0.8,8,3,False,False
47,frame_0293.jpg,117.2,0.4824,0.4036,0.4286,0.76,6,3,False,False
48,frame_0224.jpg,89.6,0.4815,0.5722,0.5714,0.12,6,4,False,False
49,frame_0395.jpg,158.0,0.4768,0.6485,0.4286,0.12,6,3,False,False
50,frame_0127.jpg,50.8,0.4757,0.3742,0.4286,0.8,8,3,False,False
51,frame_0301.jpg,120.4,0.4729,0.427,0.5714,0.44,6,4,False,False
52,frame_0017.jpg,6.8,0.4728,0.3741,0.2857,1.0,4,2,False,False
53,frame_0125.jpg,50.0,0.472,0.3988,0.4286,0.72,6,3,False,False
54,frame_0126.jpg,50.4,0.4717,0.3822,0.4286,0.76,7,3,False,False
55,frame_0029.jpg,11.6,0.4695,0.3676,0.2857,1.0,7,2,False,False
56,frame_0294.jpg,117.6,0.4681,0.391,0.4286,0.72,5,3,False,False
57,frame_0130.jpg,52.0,0.4676,0.3101,0.4286,0.92,6,3,False,False
58,frame_0378.jpg,151.2,0.4656,0.5563,0.5714,0.08,8,4,False,False
59,frame_0128.jpg,51.2,0.465,0.4225,0.2857,0.84,7,2,False,False
60,frame_0019.jpg,7.6,0.4615,0.3515,0.2857,1.0,4,2,False,False
61,frame_0202.jpg,80.8,0.4606,0.424,0.4286,0.6,6,3,False,False
62,frame_0009.jpg,3.6,0.4589,0.3463,0.2857,1.0,4,2,False,False
63,frame_0377.jpg,150.8,0.4586,0.4406,0.7143,0.12,10,5,False,False
64,frame_0276.jpg,110.4,0.4579,0.477,0.5714,0.24,8,4,False,False
65,frame_0168.jpg,67.2,0.4562,0.3455,0.5714,0.56,6,4,False,False
66,frame_0214.jpg,85.6,0.4559,0.4467,0.4286,0.52,3,3,False,False
67,frame_0018.jpg,7.2,0.4553,0.3391,0.2857,1.0,5,2,False,False
68,frame_0398.jpg,159.2,0.4547,0.4706,0.5714,0.24,10,4,False,False
69,frame_0399.jpg,159.6,0.4536,0.4523,0.5714,0.28,7,4,False,False
70,frame_0080.jpg,32.0,0.4525,0.3438,0.4286,0.76,5,3,False,False
71,frame_0376.jpg,150.4,0.4517,0.4965,0.5714,0.16,7,4,False,False
72,frame_0081.jpg,32.4,0.4495,0.3538,0.4286,0.72,7,3,False,False
73,frame_0028.jpg,11.2,0.4493,0.3271,0.2857,1.0,3,2,False,False
74,frame_0275.jpg,110.0,0.4487,0.4745,0.5714,0.2,6,4,False,False
75,frame_0300.jpg,120.0,0.446,0.5285,0.2857,0.48,6,2,False,False
76,frame_0278.jpg,111.2,0.4456,0.4204,0.5714,0.32,7,4,False,False
77,frame_0177.jpg,70.8,0.4451,0.3817,0.7143,0.2,7,5,False,False
78,frame_0216.jpg,86.4,0.4446,0.4561,0.4286,0.44,5,3,False,False
79,frame_0013.jpg,5.2,0.4412,0.3109,0.2857,1.0,4,2,False,False
80,frame_0112.jpg,44.8,0.4399,0.457,0.5714,0.2,4,4,False,False
81,frame_0374.jpg,149.6,0.4362,0.4496,0.5714,0.2,8,4,False,False
82,frame_0379.jpg,151.6,0.4361,0.4277,0.7143,0.04,9,5,False,False
83,frame_0375.jpg,150.0,0.4356,0.4483,0.5714,0.2,7,4,False,False
84,frame_0213.jpg,85.2,0.4348,0.4742,0.2857,0.56,2,2,False,False
85,frame_0277.jpg,110.8,0.4342,0.4136,0.5714,0.28,7,4,False,False
86,frame_0397.jpg,158.8,0.4341,0.4453,0.5714,0.2,8,4,False,False
87,frame_0184.jpg,73.6,0.4314,0.5737,0.4286,0.08,7,3,False,False
88,frame_0024.jpg,9.6,0.4303,0.2891,0.2857,1.0,4,2,False,False
89,frame_0123.jpg,49.2,0.4283,0.4292,0.2857,0.64,4,2,False,False
90,frame_0020.jpg,8.0,0.4282,0.285,0.2857,1.0,4,2,False,False
91,frame_0178.jpg,71.2,0.4282,0.4496,0.5714,0.16,7,4,False,False
92,frame_0307.jpg,122.8,0.4282,0.4336,0.5714,0.2,6,4,False,False
93,frame_0069.jpg,27.6,0.4267,0.2819,0.2857,1.0,6,2,False,False
94,frame_0124.jpg,49.6,0.4261,0.323,0.4286,0.68,7,3,False,False
95,frame_0333.jpg,133.2,0.4233,0.4718,0.5714,0.08,8,4,False,False
96,frame_0026.jpg,10.4,0.4232,0.275,0.2857,1.0,4,2,False,False
97,frame_0203.jpg,81.2,0.4226,0.332,0.4286,0.64,5,3,False,False
98,frame_0295.jpg,118.0,0.4212,0.3989,0.2857,0.68,4,2,False,False
99,frame_0010.jpg,4.0,0.4207,0.3557,0.1429,1.0,3,1,False,False
100,frame_0115.jpg,46.0,0.4181,0.3654,0.5714,0.32,6,4,False,False
101,frame_0196.jpg,78.4,0.4146,0.5994,0.1429,0.36,1,1,False,False
102,frame_0285.jpg,114.0,0.4117,0.4119,0.2857,0.6,6,2,False,False
103,frame_0021.jpg,8.4,0.4107,0.2499,0.2857,1.0,7,2,False,False
104,frame_0229.jpg,91.6,0.4072,0.3539,0.7143,0.08,10,5,False,False
105,frame_0198.jpg,79.2,0.4059,0.4643,0.2857,0.44,3,2,False,False
106,frame_0011.jpg,4.4,0.3988,0.3119,0.1429,1.0,4,1,False,False
107,frame_0211.jpg,84.4,0.3981,0.3687,0.2857,0.64,3,2,False,False
108,frame_0332.jpg,132.8,0.3972,0.4355,0.5714,0.04,10,4,False,False
109,frame_0175.jpg,70.0,0.3968,0.4244,0.4286,0.28,7,3,False,False
110,frame_0200.jpg,80.0,0.3968,0.4142,0.2857,0.52,3,2,False,False
111,frame_0027.jpg,10.8,0.3916,0.2975,0.1429,1.0,2,1,False,False
112,frame_0299.jpg,119.6,0.3909,0.4024,0.2857,0.52,5,2,False,False
113,frame_0068.jpg,27.2,0.3876,0.2894,0.1429,1.0,7,1,False,False
114,frame_0025.jpg,10.0,0.3875,0.2893,0.1429,1.0,4,1,False,False
115,frame_0185.jpg,74.0,0.3866,0.484,0.4286,0.08,8,3,False,False
116,frame_0114.jpg,45.6,0.3856,0.402,0.4286,0.28,4,3,False,False
117,frame_0389.jpg,155.6,0.3852,0.3796,0.5714,0.12,8,4,False,False
118,frame_0215.jpg,86.0,0.3844,0.3196,0.4286,0.48,5,3,False,False
119,frame_0209.jpg,83.6,0.3827,0.306,0.2857,0.72,4,2,False,False
120,frame_0321.jpg,128.4,0.3798,0.4225,0.4286,0.2,6,3,False,False
121,frame_0212.jpg,84.8,0.3775,0.3436,0.2857,0.6,3,2,False,False
122,frame_0316.jpg,126.4,0.3766,0.4321,0.4286,0.16,6,3,False,False
123,frame_0116.jpg,46.4,0.3765,0.3518,0.4286,0.36,7,3,False,False
124,frame_0189.jpg,75.6,0.3744,0.4596,0.4286,0.08,5,3,False,False
125,frame_0222.jpg,88.8,0.3742,0.4113,0.4286,0.2,3,3,False,False
126,frame_0086.jpg,34.4,0.3738,0.2824,0.4286,0.52,4,3,False,False
127,frame_0225.jpg,90.0,0.3736,0.458,0.4286,0.08,6,3,False,False
128,frame_0233.jpg,93.2,0.3734,0.3937,0.4286,0.24,10,3,False,False
129,frame_0319.jpg,127.6,0.3721,0.4608,0.2857,0.28,5,2,False,False
130,frame_0208.jpg,83.2,0.3716,0.2678,0.2857,0.76,4,2,False,False
131,frame_0169.jpg,67.6,0.3707,0.3619,0.2857,0.52,6,2,False,False
132,frame_0132.jpg,52.8,0.3704,0.255,0.1429,1.0,4,1,False,False
133,frame_0305.jpg,122.0,0.3697,0.3703,0.4286,0.28,4,3,False,False
134,frame_0117.jpg,46.8,0.3693,0.4071,0.2857,0.4,7,2,False,False
135,frame_0303.jpg,121.2,0.3597,0.3183,0.4286,0.36,6,3,False,False
136,frame_0367.jpg,146.8,0.3578,0.3408,0.5714,0.08,7,4,False,False
137,frame_0120.jpg,48.0,0.357,0.3346,0.2857,0.52,4,2,False,False
138,frame_0094.jpg,37.6,0.3562,0.3753,0.4286,0.2,8,3,False,False
139,frame_0084.jpg,33.6,0.3538,0.2962,0.2857,0.6,4,2,False,False
140,frame_0192.jpg,76.8,0.3536,0.37,0.4286,0.2,4,3,False,False
141,frame_0387.jpg,154.8,0.3522,0.3673,0.4286,0.2,9,3,False,False
142,frame_0210.jpg,84.0,0.3516,0.2598,0.2857,0.68,4,2,False,False
143,frame_0327.jpg,130.8,0.3503,0.3417,0.5714,0.04,8,4,False,False
144,frame_0322.jpg,128.8,0.3501,0.3791,0.4286,0.16,7,3,False,False
145,frame_0089.jpg,35.6,0.349,0.2809,0.4286,0.4,5,3,False,False
146,frame_0271.jpg,108.4,0.3486,0.424,0.4286,0.04,5,3,False,False
147,frame_0317.jpg,126.8,0.3455,0.3538,0.4286,0.2,6,3,False,False
148,frame_0133.jpg,53.2,0.3429,0.2,0.1429,1.0,5,1,False,False
149,frame_0228.jpg,91.2,0.3427,0.3266,0.5714,0.04,6,4,False,False
150,frame_0279.jpg,111.6,0.3424,0.3693,0.2857,0.36,6,2,False,False
151,frame_0320.jpg,128.0,0.34,0.4126,0.2857,0.24,6,2,False,False
152,frame_0329.jpg,131.6,0.3398,0.3905,0.4286,0.08,8,3,False,False
153,frame_0297.jpg,118.8,0.3391,0.2667,0.2857,0.6,5,2,False,False
154,frame_0394.jpg,157.6,0.3361,0.3831,0.4286,0.08,7,3,False,False
155,frame_0092.jpg,36.8,0.3357,0.3879,0.2857,0.28,3,2,False,False
156,frame_0172.jpg,68.8,0.3351,0.3387,0.2857,0.4,4,2,False,False
157,frame_0306.jpg,122.4,0.334,0.3148,0.4286,0.24,7,3,False,False
158,frame_0269.jpg,107.6,0.3316,0.39,0.4286,0.04,6,3,False,False
159,frame_0121.jpg,48.4,0.3314,0.2673,0.2857,0.56,5,2,False,False
160,frame_0186.jpg,74.4,0.3297,0.3862,0.4286,0.04,10,3,False,False
161,frame_0390.jpg,156.0,0.3287,0.3683,0.4286,0.08,6,3,False,False
162,frame_0183.jpg,73.2,0.3266,0.4657,0.2857,0.04,4,2,False,False
163,frame_0328.jpg,131.2,0.3261,0.363,0.4286,0.08,7,3,False,False
164,frame_0022.jpg,8.8,0.3254,0.2507,0.0,1.0,3,0,False,False
165,frame_0096.jpg,38.4,0.325,0.4306,0.2857,0.12,5,2,False,False
166,frame_0272.jpg,108.8,0.3241,0.4447,0.2857,0.08,3,2,False,False
167,frame_0304.jpg,121.6,0.3235,0.3476,0.2857,0.32,9,2,False,False
168,frame_0388.jpg,155.2,0.323,0.3248,0.4286,0.16,8,3,False,False
169,frame_0207.jpg,82.8,0.3214,0.2371,0.1429,0.8,3,1,False,False
170,frame_0023.jpg,9.2,0.3186,0.2373,0.0,1.0,3,0,False,False
171,frame_0206.jpg,82.4,0.3181,0.2465,0.1429,0.76,4,1,False,False
172,frame_0282.jpg,112.8,0.3176,0.2717,0.2857,0.48,5,2,False,False
173,frame_0082.jpg,32.8,0.3154,0.2731,0.1429,0.68,5,1,False,False
174,frame_0193.jpg,77.2,0.3137,0.36,0.2857,0.24,7,2,False,False
175,frame_0197.jpg,78.8,0.3112,0.3767,0.1429,0.4,2,1,False,False
176,frame_0012.jpg,4.8,0.3082,0.2164,0.0,1.0,3,0,False,False
177,frame_0205.jpg,82.0,0.3073,0.2408,0.1429,0.72,4,1,False,False
178,frame_0386.jpg,154.4,0.3053,0.3432,0.2857,0.24,6,2,False,False
179,frame_0315.jpg,126.0,0.3049,0.3904,0.2857,0.12,8,2,False,False
180,frame_0232.jpg,92.8,0.3038,0.3562,0.2857,0.2,4,2,False,False
181,frame_0296.jpg,118.4,0.3028,0.2639,0.1429,0.64,4,1,False,False
182,frame_0230.jpg,92.0,0.3015,0.3835,0.2857,0.12,10,2,False,False
183,frame_0179.jpg,71.6,0.3012,0.3829,0.2857,0.12,7,2,False,False
184,frame_0204.jpg,81.6,0.3012,0.2447,0.1429,0.68,5,1,False,False
185,frame_0174.jpg,69.6,0.2965,0.2936,0.2857,0.32,7,2,False,False
186,frame_0385.jpg,154.0,0.296,0.3406,0.2857,0.2,7,2,False,False
187,frame_0090.jpg,36.0,0.2958,0.2761,0.2857,0.36,5,2,False,False
188,frame_0308.jpg,123.2,0.2958,0.3562,0.2857,0.16,8,2,False,False
189,frame_0373.jpg,149.2,0.2946,0.3537,0.2857,0.16,4,2,False,False
190,frame_0273.jpg,109.2,0.2924,0.3653,0.2857,0.12,7,2,False,False
191,frame_0093.jpg,37.2,0.2913,0.3151,0.2857,0.24,6,2,False,False
192,frame_0194.jpg,77.6,0.2896,0.2958,0.2857,0.28,5,2,False,False
193,frame_0391.jpg,156.4,0.2895,0.3059,0.4286,0.04,8,3,False,False
194,frame_0097.jpg,38.8,0.2879,0.3724,0.2857,0.08,6,2,False,False
195,frame_0108.jpg,43.2,0.2872,0.3012,0.4286,0.04,8,3,False,False
196,frame_0111.jpg,44.4,0.285,0.3345,0.2857,0.16,5,2,False,False
197,frame_0223.jpg,89.2,0.2838,0.3321,0.2857,0.16,6,2,False,False
198,frame_0310.jpg,124.0,0.2823,0.3611,0.2857,0.08,4,2,False,False
199,frame_0095.jpg,38.0,0.2805,0.3255,0.2857,0.16,6,2,False,False
200,frame_0370.jpg,148.0,0.2802,0.2872,0.4286,0.04,7,3,False,False
201,frame_0218.jpg,87.2,0.2759,0.3221,0.1429,0.36,4,1,False,False
202,frame_0118.jpg,47.2,0.2735,0.2853,0.1429,0.44,4,1,False,False
203,frame_0091.jpg,36.4,0.2729,0.2463,0.2857,0.32,5,2,False,False
204,frame_0113.jpg,45.2,0.2691,0.2707,0.2857,0.24,5,2,False,False
205,frame_0199.jpg,79.6,0.2682,0.2586,0.1429,0.48,2,1,False,False
206,frame_0085.jpg,34.0,0.2662,0.2226,0.1429,0.56,5,1,False,False
207,frame_0318.jpg,127.2,0.259,0.2505,0.2857,0.24,6,2,False,False
208,frame_0381.jpg,152.4,0.2567,0.3259,0.2857,0.04,8,2,False,False
209,frame_0170.jpg,68.0,0.2562,0.2346,0.1429,0.48,6,1,False,False
210,frame_0330.jpg,132.0,0.2555,0.3236,0.2857,0.04,8,2,False,False
211,frame_0100.jpg,40.0,0.2549,0.3223,0.2857,0.04,6,2,False,False
212,frame_0384.jpg,153.6,0.2543,0.2731,0.2857,0.16,5,2,False,False
213,frame_0368.jpg,147.2,0.2537,0.32,0.2857,0.04,6,2,False,False
214,frame_0171.jpg,68.4,0.2529,0.244,0.1429,0.44,5,1,False,False
215,frame_0231.jpg,92.4,0.2511,0.2667,0.2857,0.16,7,2,False,False
216,frame_0098.jpg,39.2,0.2496,0.3118,0.2857,0.04,4,2,False,False
217,frame_0176.jpg,70.4,0.2465,0.3112,0.1429,0.24,7,1,False,False
218,frame_0188.jpg,75.2,0.2443,0.3012,0.2857,0.04,7,2,False,False
219,frame_0314.jpg,125.6,0.2409,0.2784,0.2857,0.08,6,2,False,False
220,frame_0105.jpg,42.0,0.2401,0.2767,0.2857,0.08,6,2,False,False
221,frame_0372.jpg,148.8,0.2397,0.3456,0.1429,0.12,5,1,False,False
222,frame_0083.jpg,33.2,0.2374,0.2188,0.0,0.64,4,0,False,False
223,frame_0393.jpg,157.2,0.235,0.2826,0.2857,0.04,5,2,False,False
224,frame_0217.jpg,86.8,0.23,0.2142,0.1429,0.4,4,1,False,False
225,frame_0191.jpg,76.4,0.2252,0.3007,0.1429,0.16,4,1,False,False
226,frame_0311.jpg,124.4,0.2211,0.2548,0.2857,0.04,4,2,False,False
227,frame_0122.jpg,48.8,0.2188,0.1975,0.0,0.6,4,0,False,False
228,frame_0382.jpg,152.8,0.2181,0.3184,0.1429,0.08,8,1,False,False
229,frame_0109.jpg,43.6,0.2142,0.3107,0.1429,0.08,8,1,False,False
230,frame_0190.jpg,76.0,0.2116,0.2895,0.1429,0.12,3,1,False,False
231,frame_0268.jpg,107.2,0.2086,0.2994,0.1429,0.08,4,1,False,False
232,frame_0219.jpg,87.6,0.2031,0.1924,0.1429,0.32,4,1,False,False
233,frame_0087.jpg,34.8,0.1971,0.2022,0.0,0.48,5,0,False,False
234,frame_0280.jpg,112.0,0.1956,0.2312,0.0,0.4,4,0,False,False
235,frame_0119.jpg,47.6,0.1942,0.1964,0.0,0.48,6,0,False,False
236,frame_0220.jpg,88.0,0.1929,0.1881,0.1429,0.28,5,1,False,False
237,frame_0324.jpg,129.6,0.1885,0.2593,0.1429,0.08,7,1,False,False
238,frame_0180.jpg,72.0,0.1844,0.251,0.1429,0.08,4,1,False,False
239,frame_0110.jpg,44.0,0.1841,0.2345,0.1429,0.12,8,1,False,False
240,frame_0088.jpg,35.2,0.1837,0.1913,0.0,0.44,7,0,False,False
241,frame_0201.jpg,80.4,0.1831,0.1422,0.0,0.56,4,0,False,False
242,frame_0309.jpg,123.6,0.1823,0.2308,0.1429,0.12,6,1,False,False
243,frame_0102.jpg,40.8,0.1819,0.23,0.1429,0.12,4,1,False,False
244,frame_0383.jpg,153.2,0.1768,0.2198,0.1429,0.12,4,1,False,False
245,frame_0103.jpg,41.2,0.1748,0.1998,0.1429,0.16,6,1,False,False
246,frame_0267.jpg,106.8,0.1748,0.2158,0.1429,0.12,5,1,False,False
247,frame_0226.jpg,90.4,0.1709,0.2401,0.1429,0.04,5,1,False,False
248,frame_0181.jpg,72.4,0.1629,0.224,0.1429,0.04,6,1,False,False
249,frame_0313.jpg,125.2,0.1603,0.2188,0.1429,0.04,6,1,False,False
250,frame_0195.jpg,78.0,0.1518,0.1757,0.0,0.32,5,0,False,False
251,frame_0221.jpg,88.4,0.135,0.174,0.0,0.24,5,0,False,False
252,frame_0323.jpg,129.2,0.1313,0.2145,0.0,0.12,8,0,False,False
253,frame_0371.jpg,148.4,0.1285,0.225,0.0,0.08,3,0,False,False
254,frame_0325.jpg,130.0,0.1259,0.2358,0.0,0.04,5,0,False,False
255,frame_0104.jpg,41.6,0.1121,0.1762,0.0,0.12,4,0,False,False
256,frame_0101.jpg,40.4,0.1102,0.1884,0.0,0.08,4,0,False,False
